,,Baseline_NHW,,Scenario2020_NHW,,Scenario2036_NHW,,Baseline_Other,,Scenario2020_Other,,Scenario2036_Other,
PersonDistance(miles per day),bike,0.08741941,,0.09316175,,0.1096432,,0.1072911,,0.1110439,,0.1320118,
,walk,0.23701833,,0.24701498,,0.2871733,,0.2779212,,0.2810044,,0.3245583,
,motorcycle,0.31886811,,0.33039755,,0.2973246,,0.2595235,,0.2761361,,0.2516631,
,car,14.34906473,,14.86788975,,13.3796087,,11.6785566,,12.4261252,,11.3248401,
,bus,0.31886811,,0.33039755,,0.2973246,,0.2595235,,0.2761361,,0.2516631,
,truck,0.95660432,,0.99119265,,0.8919739,,0.7785704,,0.8284083,,0.7549893,
,,,,,,,,,,,,,
Distribution by road type,bike,0.53,local,0.53,local,0.53,local,0.53,local,0.53,local,0.53,local
,walk,0.75,,0.75,,0.75,,0.75,,0.75,,0.75,
,motorcycle,0.18,,0.18,,0.18,,0.18,,0.18,,0.18,
,car,0.18,,0.18,,0.18,,0.18,,0.18,,0.18,
,bus,0.364,,0.364,,0.364,,0.364,,0.364,,0.364,
,truck,0.18,,0.18,,0.18,,0.18,,0.18,,0.18,
,,,,,,,,,,,,,
,bike,0.47,arterial,0.47,arterial,0.47,arterial,0.47,arterial,0.47,arterial,0.47,arterial
,walk,0.25,,0.25,,0.25,,0.25,,0.25,,0.25,
,motorcycle,0.25,,0.25,,0.25,,0.25,,0.25,,0.25,
,car,0.25,,0.25,,0.25,,0.25,,0.25,,0.25,
,bus,0.63,,0.63,,0.63,,0.63,,0.63,,0.63,
,truck,0.25,,0.25,,0.25,,0.25,,0.25,,0.25,
,,,,,,,,,,,,,
,bike,0.000001,highway,0.000001,highway,0.000001,highway,0.000001,highway,0.000001,highway,0.000001,highway
,walk,0.000001,,0.000001,,0.000001,,0.000001,,0.000001,,0.000001,
,motorcycle,0.57,,0.57,,0.57,,0.57,,0.57,,0.57,
,car,0.57,,0.57,,0.57,,0.57,,0.57,,0.57,
,bus,0.01,,0.01,,0.01,,0.01,,0.01,,0.01,
,truck,0.57,,0.57,,0.57,,0.57,,0.57,,0.57,
,,,,,,,,,,,,,
Occupancy,bike,1,,1,,1,,1,,1,,1,
,walk,1,,1,,1,,1,,1,,1,
,motorcycle,1,,1,,1,,1,,1,,1,
,car,1.75,,1.75,,1.75,,1.75,,1.75,,1.75,
,bus,10,,10,,10,,10,,10,,10,
,truck,1,,1,,1,,1,,1,,1,