,M_NHW,F_NHW,M_NHB,F_NHB,M_NHOther,F_NHOther,M_HO,F_HO,
0~4,82554.61877,79000.65105,100,100,200,200,300,300,Target
5~14,168371.7171,161094.4998,168371.7171,161094.4998,168371.7171,161094.4998,168371.7171,161094.4998,
15~29,262505.9749,256467.701,262505.9749,256467.701,262505.9749,256467.701,262505.9749,256467.701,
30~44,232504.572,235064.9599,232504.572,235064.9599,232504.572,235064.9599,232504.572,235064.9599,
45~59,238005.9942,252197.3763,238005.9942,252197.3763,238005.9942,252197.3763,238005.9942,252197.3763,
60~69,99828.73735,112316.8397,99828.73735,112316.8397,99828.73735,112316.8397,99828.73735,112316.8397,
70~79,53271.71268,64819.73021,53271.71268,64819.73021,53271.71268,64819.73021,53271.71268,64819.73021,
80+,29963.5998,49585.3152,29963.5998,49585.3152,29963.5998,49585.3152,29963.5998,49585.3152,