,M_NHW,F_NHW,M_NHB,F_NHB,M_NHOther,F_NHOther,M_HO,F_HO,
0~4,82554.61877,79000.65105,100,100,200,200,300,300,Target
5~14,168371.7171,161094.4998,164014,156925,164014,156925,164014,156925,
15~29,262505.9749,256467.701,255712,249830,255712,249830,255712,249830,
30~44,232504.572,235064.9599,226487,228981,226487,228981,226487,228981,
45~59,238005.9942,252197.3763,231846,245670,231846,245670,231846,245670,
60~69,99828.73735,112316.8397,97245,109410,97245,109410,97245,109410,
70~79,53271.71268,64819.73021,51893,63142,51893,63142,51893,63142,
80+,29963.5998,49585.3152,29188,48302,29188,48302,29188,48302,