"","deaths_NHW","deaths_NHB","deaths_NHO","deaths_HO"
"maleAgeClass 1",1.33333333333333,0.333333333333333,1,2
"maleAgeClass 2",1,0.333333333333333,0,0.666666666666667
"maleAgeClass 3",19,7.33333333333333,6.66666666666667,10.3333333333333
"maleAgeClass 4",41,19.3333333333333,15.3333333333333,18.3333333333333
"maleAgeClass 5",339.333333333333,82.6666666666667,45.3333333333333,52
"maleAgeClass 6",431.666666666667,81.3333333333333,77.3333333333333,48.3333333333333
"maleAgeClass 7",588.333333333333,84.6666666666667,85.3333333333333,64
"maleAgeClass 8",1230.33333333333,80.6666666666667,189,98.3333333333333
"femaleAgeClass 1",0.333333333333333,1.66666666666667,0.333333333333333,2
"femaleAgeClass 2",0,0,0,0
"femaleAgeClass 3",7.66666666666667,3.33333333333333,1,4
"femaleAgeClass 4",23,16.3333333333333,7.66666666666667,8.33333333333333
"femaleAgeClass 5",191.333333333333,81.3333333333333,31.3333333333333,28.6666666666667
"femaleAgeClass 6",309.666666666667,65,50.6666666666667,32.6666666666667
"femaleAgeClass 7",522.666666666667,80.3333333333333,77.6666666666667,45
"femaleAgeClass 8",1956,136.333333333333,212,112.666666666667
